{
	"display": {
		"icon": {
			"id": "minecraft:enchanted_golden_apple"
		},
		"title": "OVERPOWERED!",
		"description": "Obtain an Enchanted golden Apple.",
		"frame": "goal",
		"show_toast": true,
		"announce_to_chat": true,
		"hidden": false
	},
	"parent": "minecraft:husbandry/plant_seed",
	"criteria": {
		"requirement": {
			"trigger": "minecraft:inventory_changed",
			"conditions": {
				"items": [
					{
						"items": [
							"minecraft:enchanted_golden_apple"
						]
					}
				]
			}
		}
	},
	"sends_telemetry_event": true
}
