{
	"display": {
		"icon": {
			"id": "minecraft:jungle_log"
		},
		"title": "1.2",
		"description": "Discover every Jungle Biome",
		"frame": "goal",
		"show_toast": true,
		"announce_to_chat": true,
		"hidden": false
	},
	"parent": "timo:tab_timo/legacy/1.1",
	"criteria": {
		"jungle": {
			"trigger": "minecraft:location",
			"conditions": {
				"player": {
					"location": {
						"biomes": "minecraft:jungle"
					}
				}
			}
		},
		"sparse_jungle": {
			"trigger": "minecraft:location",
			"conditions": {
				"player": {
					"location": {
						"biomes": "minecraft:sparse_jungle"
					}
				}
			}
		},
		"bamboo_jungle": {
			"trigger": "minecraft:location",
			"conditions": {
				"player": {
					"location": {
						"biomes": "minecraft:bamboo_jungle"
					}
				}
			}
		}
	},
	"sends_telemetry_event": true
}
