{
	"display": {
		"icon": {
			"id": "minecraft:emerald"
		},
		"title": "1.3",
		"description": "Successfully trade with a Villager and discover a Desert Pyramid and a Jungle Pyramid",
		"frame": "goal",
		"show_toast": true,
		"announce_to_chat": true,
		"hidden": false
	},
	"parent": "timo:tab_timo/legacy/1.2",
	"criteria": {
		"trade": {
			"trigger": "minecraft:villager_trade"
		},
		"jungle_pyramid": {
			"trigger": "minecraft:location",
			"conditions": {
				"player": {
					"location": {
						"structures": "minecraft:jungle_pyramid"
					}
				}
			}
		},
		"desert_pyramid": {
			"trigger": "minecraft:location",
			"conditions": {
				"player": {
					"location": {
						"structures": "minecraft:desert_pyramid"
					}
				}
			}
		}
	},
	"sends_telemetry_event": true
}
