{
	"display": {
		"icon": {
			"id": "minecraft:redstone"
		},
		"title": "1.5",
		"description": "Obtain all Redstone Items",
		"frame": "goal",
		"show_toast": true,
		"announce_to_chat": true,
		"hidden": false
	},
	"parent": "timo:tab_timo/legacy/1.4",
	"criteria": {
		"redstone_dust": {
			"trigger": "minecraft:inventory_changed",
			"conditions": {
				"items": [
					{
						"items": "minecraft:redstone"
					}
				]
			}
		},
		"redstone_torch": {
			"trigger": "minecraft:inventory_changed",
			"conditions": {
				"items": [
					{
						"items": "minecraft:redstone_torch"
					}
				]
			}
		},
		"redstone_block": {
			"trigger": "minecraft:inventory_changed",
			"conditions": {
				"items": [
					{
						"items": "minecraft:redstone_block"
					}
				]
			}
		},
		"repeater": {
			"trigger": "minecraft:inventory_changed",
			"conditions": {
				"items": [
					{
						"items": "minecraft:repeater"
					}
				]
			}
		},
		"comparator": {
			"trigger": "minecraft:inventory_changed",
			"conditions": {
				"items": [
					{
						"items": "minecraft:comparator"
					}
				]
			}
		},
		"lever": {
			"trigger": "minecraft:inventory_changed",
			"conditions": {
				"items": [
					{
						"items": "minecraft:lever"
					}
				]
			}
		},
		"wooden_button": {
			"trigger": "minecraft:inventory_changed",
			"conditions": {
				"items": [
					{
						"items": "#minecraft:wooden_buttons"
					}
				]
			}
		},
		"stone_button": {
			"trigger": "minecraft:inventory_changed",
			"conditions": {
				"items": [
					{
						"items": "#minecraft:stone_buttons"
					}
				]
			}
		},
		"wooden_pressure_plate": {
			"trigger": "minecraft:inventory_changed",
			"conditions": {
				"items": [
					{
						"items": "#minecraft:wooden_pressure_plates"
					}
				]
			}
		},
		"stone_pressure_plate": {
			"trigger": "minecraft:inventory_changed",
			"conditions": {
				"items": [
					{
						"items": [
							"minecraft:stone_pressure_plate",
							"minecraft:polished_blackstone_pressure_plate"
						]
					}
				]
			}
		},
		"light_weighted_pressure_plate": {
			"trigger": "minecraft:inventory_changed",
			"conditions": {
				"items": [
					{
						"items": "minecraft:light_weighted_pressure_plate"
					}
				]
			}
		},
		"heavy_weighted_pressure_plate": {
			"trigger": "minecraft:inventory_changed",
			"conditions": {
				"items": [
					{
						"items": "minecraft:heavy_weighted_pressure_plate"
					}
				]
			}
		},
		"daylight_detector": {
			"trigger": "minecraft:inventory_changed",
			"conditions": {
				"items": [
					{
						"items": "minecraft:daylight_detector"
					}
				]
			}
		},
		"piston": {
			"trigger": "minecraft:inventory_changed",
			"conditions": {
				"items": [
					{
						"items": "minecraft:piston"
					}
				]
			}
		},
		"sticky_piston": {
			"trigger": "minecraft:inventory_changed",
			"conditions": {
				"items": [
					{
						"items": "minecraft:sticky_piston"
					}
				]
			}
		},
		"dropper": {
			"trigger": "minecraft:inventory_changed",
			"conditions": {
				"items": [
					{
						"items": "minecraft:dropper"
					}
				]
			}
		},
		"dispenser": {
			"trigger": "minecraft:inventory_changed",
			"conditions": {
				"items": [
					{
						"items": "minecraft:dispenser"
					}
				]
			}
		},
		"crafter": {
			"trigger": "minecraft:inventory_changed",
			"conditions": {
				"items": [
					{
						"items": "minecraft:crafter"
					}
				]
			}
		},
		"hopper": {
			"trigger": "minecraft:inventory_changed",
			"conditions": {
				"items": [
					{
						"items": "minecraft:hopper"
					}
				]
			}
		},
		"trapped_chest": {
			"trigger": "minecraft:inventory_changed",
			"conditions": {
				"items": [
					{
						"items": "minecraft:trapped_chest"
					}
				]
			}
		},
		"observer": {
			"trigger": "minecraft:inventory_changed",
			"conditions": {
				"items": [
					{
						"items": "minecraft:observer"
					}
				]
			}
		},
		"rail": {
			"trigger": "minecraft:inventory_changed",
			"conditions": {
				"items": [
					{
						"items": "minecraft:rail"
					}
				]
			}
		},
		"powered_rail": {
			"trigger": "minecraft:inventory_changed",
			"conditions": {
				"items": [
					{
						"items": "minecraft:powered_rail"
					}
				]
			}
		},
		"detector_rail": {
			"trigger": "minecraft:inventory_changed",
			"conditions": {
				"items": [
					{
						"items": "minecraft:detector_rail"
					}
				]
			}
		},
		"activator_rail": {
			"trigger": "minecraft:inventory_changed",
			"conditions": {
				"items": [
					{
						"items": "minecraft:activator_rail"
					}
				]
			}
		},
		"redstone_lamp": {
			"trigger": "minecraft:inventory_changed",
			"conditions": {
				"items": [
					{
						"items": "minecraft:redstone_lamp"
					}
				]
			}
		}
	},
	"sends_telemetry_event": true
}
