{
	"display": {
		"icon": {
			"id": "minecraft:elytra",
			"components": {
				"minecraft:enchantment_glint_override": true
			}
		},
		"title": "1.7",
		"description": "Discover a Savanna and a Dark Forest",
		"frame": "goal",
		"show_toast": true,
		"announce_to_chat": true,
		"hidden": false
	},
	"parent": "timo:tab_timo/legacy/1.6",
	"criteria": {
		"savanna": {
			"trigger": "minecraft:location",
			"conditions": {
				"player": {
					"location": {
						"biomes": "minecraft:savanna"
					}
				}
			}
		},
		"dark_forest": {
			"trigger": "minecraft:location",
			"conditions": {
				"player": {
					"location": {
						"biomes": "minecraft:dark_forest"
					}
				}
			}
		}
	},
	"sends_telemetry_event": true
}
