{
	"display": {
		"icon": {
			"id": "minecraft:book"
		},
		"title": "a 1.0.11",
		"description": "Obtain Paper, a book, a bookshelf, a clay ball, a brick, bricks, clay and sugar cane",
		"frame": "task",
		"show_toast": true,
		"announce_to_chat": true,
		"hidden": false
	},
	"parent": "timo:tab_timo/legacy/a1.0.8",
	"criteria": {
		"requirement": {
			"trigger": "minecraft:inventory_changed",
			"conditions": {
				"items": [
					{
						"items": "minecraft:paper"
					},
					{
						"items": "minecraft:book"
					},
					{
						"items": "minecraft:bookshelf"
					},
					{
						"items": "minecraft:sugar_cane"
					},
					{
						"items": "minecraft:clay"
					},
					{
						"items": "minecraft:clay_ball"
					},
					{
						"items": "minecraft:brick"
					},
					{
						"items": "minecraft:bricks"
					}
				]
			}
		}
	},
	"sends_telemetry_event": true
}
