{
	"display": {
		"icon": {
			"id": "minecraft:redstone_ore"
		},
		"title": "a 1.0.1",
		"description": "Obtain a redstone dust, a redstone ore, a redstone torch, a stone button, a stone pressure plate, a oak pressure plate, a lever and a iron door ",
		"frame": "goal",
		"show_toast": true,
		"announce_to_chat": true,
		"hidden": false
	},
	"parent": "timo:tab_timo/legacy",
	"criteria": {
		"requirement": {
			"trigger": "minecraft:inventory_changed",
			"conditions": {
				"items": [
					{
						"items": "minecraft:iron_door"
					},
					{
						"items": "minecraft:lever"
					},
					{
						"items": "minecraft:oak_pressure_plate"
					},
					{
						"items": "minecraft:stone_pressure_plate"
					},
					{
						"items": "minecraft:redstone"
					},
					{
						"items": "minecraft:redstone_ore"
					},
					{
						"items": "minecraft:redstone_torch"
					},
					{
						"items": "minecraft:stone_button"
					}
				]
			}
		}
	},
	"sends_telemetry_event": true
}
