{
	"display": {
		"icon": {
			"id": "minecraft:jukebox"
		},
		"title": "a 1.0.14",
		"description": "Obtain a jukebox, music disc 13 and cat, a furnace minecart and a chest minecart",
		"frame": "task",
		"show_toast": true,
		"announce_to_chat": true,
		"hidden": false
	},
	"parent": "timo:tab_timo/legacy/a1.0.13",
	"criteria": {
		"requirement": {
			"trigger": "minecraft:inventory_changed",
			"conditions": {
				"items": [
					{
						"items": "minecraft:jukebox"
					},
					{
						"items": "minecraft:music_disc_13"
					},
					{
						"items": "minecraft:music_disc_cat"
					},
					{
						"items": "minecraft:furnace_minecart"
					},
					{
						"items": "minecraft:chest_minecart"
					}
				]
			}
		}
	},
	"sends_telemetry_event": true
}
