{
	"display": {
		"icon": {
			"id": "minecraft:snow_block"
		},
		"title": "a 1.0.5",
		"description": "Obtain a snow block and a snow ball",
		"frame": "task",
		"show_toast": true,
		"announce_to_chat": true,
		"hidden": false
	},
	"parent": "timo:tab_timo/legacy/a1.0.4",
	"criteria": {
		"requirement": {
			"trigger": "minecraft:inventory_changed",
			"conditions": {
				"items": [
					{
						"items": "minecraft:snow_block"
					},
					{
						"items": "minecraft:snowball"
					}
				]
			}
		}
	},
	"sends_telemetry_event": true
}
