{
	"display": {
		"icon": {
			"id": "minecraft:stone_bricks"
		},
		"title": "b1.8pre2",
		"description": "Obtain a mossy stone brick, a iron bar, a glass pane, a red or brown mushroom block and an oak fence gate.",
		"show_toast": true,
		"announce_to_chat": true,
		"hidden": false
	},
	"parent": "timo:tab_timo/legacy/b1.8pre",
	"criteria": {
		"requirement": {
			"trigger": "minecraft:inventory_changed",
			"conditions": {
				"items": [
					{
						"items": "minecraft:mossy_stone_bricks"
					},
					{
						"items": "minecraft:iron_bars"
					},
					{
						"items": "minecraft:glass_pane"
					},
					{
						"items": [
							"minecraft:red_mushroom_block",
							"minecraft:brown_mushroom_block"
						]
					},
					{
						"items": "minecraft:oak_fence_gate"
					}
				]
			}
		}
	},
	"sends_telemetry_event": true
}
