{
	"display": {
		"icon": {
			"id": "minecraft:potion",
			"components": {
				"minecraft:potion_contents": {
					"custom_color": 13893887
				}
			}
		},
		"title": "b1.9pre3",
		"description": "Obtain a Potion",
		"frame": "goal",
		"show_toast": true,
		"announce_to_chat": true,
		"hidden": false
	},
	"parent": "timo:tab_timo/legacy/b1.9pre2",
	"criteria": {
		"requirement": {
			"trigger": "minecraft:inventory_changed",
			"conditions": {
				"items": [
					{
						"items": "minecraft:potion"
					}
				]
			}
		}
	},
	"sends_telemetry_event": true
}
