{
	"display": {
		"icon": {
			"id": "minecraft:potion",
			"components": {
				"minecraft:potion_contents": {
					"potion": "minecraft:awkward",
					"custom_color": 16711680
				}
			}
		},
		"title": "Arthropods (C0.0.27ST)",
		"description": "Kill a spider",
		"show_toast": true,
		"announce_to_chat": true,
		"hidden": false
	},
	"parent": "timo:tab_timo/legacy/c0.0.26st",
	"criteria": {
		"requirement": {
			"trigger": "minecraft:player_killed_entity",
			"conditions": {
				"entity": {
					"type": [
						"minecraft:spider"
					]
				}
			}
		}
	},
	"sends_telemetry_event": true
}
