{
	"display": {
		"icon": {
			"id": "minecraft:water_bucket"
		},
		"title": "Swimming (C0.0.12a)",
		"description": "Touch water",
		"frame": "task",
		"show_toast": true,
		"announce_to_chat": true,
		"hidden": false
	},
	"parent": "timo:tab_timo/legacy/rd161348",
	"criteria": {
		"requirement": {
			"trigger": "minecraft:location",
			"conditions": {
				"player": {
					"location": {
						"block": {
							"blocks": "minecraft:water"
						}
					}
				}
			}
		}
	},
	"sends_telemetry_event": true
}
