{
	"display": {
		"icon": {
			"id": "minecraft:furnace"
		},
		"title": "In 20100219",
		"description": "Obtain a furnace, porkchop, cooked porkchop",
		"show_toast": true,
		"announce_to_chat": true,
		"hidden": false
	},
	"parent": "timo:tab_timo/legacy/in20100212-1",
	"criteria": {
		"requirement": {
			"trigger": "minecraft:inventory_changed",
			"conditions": {
				"items": [
					{
						"items": "minecraft:porkchop"
					},
					{
						"items": "minecraft:furnace"
					},
					{
						"items": "minecraft:cooked_porkchop"
					}
				]
			}
		}
	},
	"sends_telemetry_event": true
}
