{
	"display": {
		"icon": {
			"id": "minecraft:bow"
		},
		"title": "IN 20100122",
		"description": "Obtain bow and arrow",
		"show_toast": true,
		"announce_to_chat": true,
		"hidden": false
	},
	"parent": "timo:tab_timo/legacy/in20091231-2",
	"criteria": {
		"requirement": {
			"trigger": "minecraft:inventory_changed",
			"conditions": {
				"items": [
					{
						"items": "minecraft:bow"
					},
					{
						"items": "minecraft:arrow"
					}
				]
			}
		}
	},
	"sends_telemetry_event": true
}
