{
	"display": {
		"icon": {
			"id": "minecraft:mushroom_stew"
		},
		"title": "IN 20100130",
		"description": "Obtain a mushroom stew, gunpowder, strings and a feather",
		"show_toast": true,
		"announce_to_chat": true,
		"hidden": false
	},
	"parent": "timo:tab_timo/legacy/in20100129emeraldblock",
	"criteria": {
		"requirement": {
			"trigger": "minecraft:inventory_changed",
			"conditions": {
				"items": [
					{
						"items": "minecraft:mushroom_stew"
					},
					{
						"items": "minecraft:feather"
					},
					{
						"items": "minecraft:gunpowder"
					},
					{
						"items": "minecraft:string"
					}
				]
			}
		}
	},
	"sends_telemetry_event": true
}
