{
	"display": {
		"icon": {
			"id": "minecraft:iron_hoe"
		},
		"title": "In 20100206",
		"description": "Obtain wheat seeds, wheat, bread and an iron hoe",
		"show_toast": true,
		"announce_to_chat": true,
		"hidden": false
	},
	"parent": "timo:tab_timo/legacy/in20100201-1",
	"criteria": {
		"requirement": {
			"trigger": "minecraft:inventory_changed",
			"conditions": {
				"items": [
					{
						"items": "minecraft:iron_hoe"
					},
					{
						"items": "minecraft:bread"
					},
					{
						"items": "minecraft:wheat"
					},
					{
						"items": "minecraft:wheat_seeds"
					}
				]
			}
		}
	},
	"sends_telemetry_event": true
}
