{
	"display": {
		"icon": {
			"id": "minecraft:minecart"
		},
		"title": "INF 20100618",
		"description": "Obtain a minecart and a rail",
		"show_toast": true,
		"announce_to_chat": true,
		"hidden": false
	},
	"parent": "timo:tab_timo/legacy/inf20100615",
	"criteria": {
		"requirement": {
			"trigger": "minecraft:inventory_changed",
			"conditions": {
				"items": [
					{
						"items": "minecraft:minecart"
					},
					{
						"items": "minecraft:rail"
					}
				]
			}
		}
	},
	"sends_telemetry_event": true
}
