{
	"display": {
		"icon": {
			"id": "minecraft:diamond",
			"count": 999
		},
		"title": "INF 20100313",
		"description": "Obtain all diamond tools",
		"frame": "goal",
		"show_toast": true,
		"announce_to_chat": true,
		"hidden": false
	},
	"parent": "timo:tab_timo/legacy/inf20100227-1433",
	"criteria": {
		"requirement": {
			"trigger": "minecraft:inventory_changed",
			"conditions": {
				"items": [
					{
						"items": "minecraft:diamond_hoe"
					},
					{
						"items": "minecraft:diamond_shovel"
					},
					{
						"items": "minecraft:diamond_pickaxe"
					},
					{
						"items": "minecraft:diamond_axe"
					},
					{
						"items": "minecraft:diamond_sword"
					}
				]
			}
		}
	},
	"sends_telemetry_event": true
}
