{
	"display": {
		"icon": {
			"id": "minecraft:oak_sign"
		},
		"title": "INF 20100607",
		"description": "Obtain an oak sign, an oak door and a ladder",
		"show_toast": true,
		"announce_to_chat": true,
		"hidden": false
	},
	"parent": "timo:tab_timo/legacy/inf20100313",
	"criteria": {
		"requirement": {
			"trigger": "minecraft:inventory_changed",
			"conditions": {
				"items": [
					{
						"items": "minecraft:oak_sign"
					},
					{
						"items": "minecraft:oak_door"
					},
					{
						"items": "minecraft:ladder"
					}
				]
			}
		}
	},
	"sends_telemetry_event": true
}
