{
	"display": {
		"icon": {
			"id": "minecraft:bedrock"
		},
		"title": "INF 20100611",
		"description": "Reach y2032",
		"frame": "challenge",
		"show_toast": true,
		"announce_to_chat": true,
		"hidden": false
	},
	"parent": "timo:tab_timo/legacy/inf20100607",
	"criteria": {
		"requirement": {
			"trigger": "minecraft:location",
			"conditions": {
				"player": {
					"location": {
						"position": {
							"y": {
								"min": 2032
							}
						}
					}
				}
			}
		}
	},
	"rewards": {
		"loot": [
			"minecraft:blocks/diamond_block",
			"minecraft:gameplay/fishing/treasure"
		],
		"experience": 247700
	},
	"sends_telemetry_event": true
}
