{
	"display": {
		"icon": {
			"id": "minecraft:grass_block"
		},
		"title": "INF 20100227-1433",
		"description": "Reach the far lands on the x coordinates",
		"frame": "challenge",
		"show_toast": true,
		"announce_to_chat": true,
		"hidden": false
	},
	"parent": "timo:tab_timo/legacy",
	"criteria": {
		"requirement": {
			"trigger": "minecraft:location",
			"conditions": {
				"player": {
					"location": {
						"position": {
							"x": {
								"min": 12550821,
								"max": 13000000
							}
						}
					}
				}
			}
		}
	},
	"rewards": {
		"loot": [
			"minecraft:gameplay/fishing/treasure",
			"minecraft:blocks/diamond_block",
			"minecraft:archaeology/desert_pyramid",
			"minecraft:archaeology/desert_well"
		],
		"experience": 24770000
	},
	"sends_telemetry_event": true
}
