{
	"display": {
		"icon": {
			"id": "minecraft:bucket"
		},
		"title": "INF 20100615",
		"description": "Obtain a bucket, a water bucket and a lava bucket",
		"show_toast": true,
		"announce_to_chat": true,
		"hidden": false
	},
	"parent": "timo:tab_timo/legacy/inf20100611",
	"criteria": {
		"requirement": {
			"trigger": "minecraft:inventory_changed",
			"conditions": {
				"items": [
					{
						"items": "minecraft:bucket"
					},
					{
						"items": "minecraft:water_bucket"
					},
					{
						"items": "minecraft:lava_bucket"
					}
				]
			}
		}
	},
	"sends_telemetry_event": true
}
