{
	"display": {
		"icon": {
			"id": "minecraft:oak_sapling"
		},
		"title": "Blocks (rd161348)",
		"description": "Obtain Cobblestone, Stone, Dirt, oak Planks and an oak sapling",
		"frame": "task",
		"show_toast": true,
		"announce_to_chat": true,
		"hidden": false
	},
	"parent": "timo:tab_timo/legacy/rd132211",
	"criteria": {
		"requirement": {
			"trigger": "minecraft:inventory_changed",
			"conditions": {
				"items": [
					{
						"items": "minecraft:cobblestone"
					},
					{
						"items": "minecraft:stone"
					},
					{
						"items": "minecraft:dirt"
					},
					{
						"items": "minecraft:oak_planks"
					},
					{
						"items": "minecraft:oak_sapling"
					}
				]
			}
		}
	},
	"sends_telemetry_event": true
}
