{
	"type": "minecraft:fishing",
	"pools": [
		{
			"rolls": 1,
			"bonus_rolls": 0,
			"entries": [
				{
					"type": "minecraft:item",
					"name": "minecraft:lily_pad",
					"weight": 10,
					"functions": [
						{
							"function": "minecraft:set_count",
							"count": {
								"min": 1,
								"max": 10
							}
						}
					]
				},
				{
					"type": "minecraft:item",
					"name": "minecraft:leather_boots",
					"weight": 10,
					"functions": [
						{
							"function": "minecraft:enchant_with_levels",
							"levels": {
								"min": 1,
								"max": 30
							}
						},
						{
							"function": "minecraft:set_damage",
							"damage": {
								"type": "minecraft:uniform",
								"min": 0,
								"max": 0.9
							},
							"add": false
						}
					]
				},
				{
					"type": "minecraft:item",
					"name": "minecraft:leather",
					"weight": 10,
					"functions": [
						{
							"function": "minecraft:set_count",
							"count": {
								"min": 1,
								"max": 10
							}
						}
					]
				},
				{
					"type": "minecraft:item",
					"name": "minecraft:bone",
					"weight": 10,
					"functions": [
						{
							"function": "minecraft:set_count",
							"count": {
								"min": 1,
								"max": 10
							}
						}
					]
				},
				{
					"type": "minecraft:item",
					"name": "minecraft:potion",
					"weight": 5,
					"functions": [
						{
							"function": "minecraft:set_potion",
							"id": "minecraft:long_water_breathing"
						}
					]
				},
				{
					"type": "minecraft:item",
					"name": "minecraft:string",
					"weight": 10,
					"functions": [
						{
							"function": "minecraft:set_count",
							"count": {
								"min": 1,
								"max": 10
							}
						}
					]
				},
				{
					"type": "minecraft:item",
					"name": "minecraft:fishing_rod",
					"weight": 5,
					"functions": [
						{
							"function": "minecraft:set_damage",
							"damage": {
								"type": "minecraft:uniform",
								"min": 0,
								"max": 1
							},
							"add": false
						}
					]
				},
				{
					"type": "minecraft:item",
					"name": "minecraft:bowl",
					"weight": 5,
					"functions": [
						{
							"function": "minecraft:set_count",
							"count": {
								"min": 1,
								"max": 10
							}
						}
					]
				},
				{
					"type": "minecraft:item",
					"name": "minecraft:stick",
					"weight": 5,
					"functions": [
						{
							"function": "minecraft:set_count",
							"count": {
								"min": 1,
								"max": 10
							}
						}
					]
				},
				{
					"type": "minecraft:item",
					"name": "minecraft:ink_sac",
					"weight": 5,
					"functions": [
						{
							"function": "minecraft:set_count",
							"count": {
								"min": 10,
								"max": 64
							},
							"add": false
						}
					]
				},
				{
					"type": "minecraft:item",
					"name": "minecraft:tripwire_hook",
					"weight": 5,
					"functions": [
						{
							"function": "minecraft:set_count",
							"count": {
								"min": 1,
								"max": 5
							}
						}
					]
				},
				{
					"type": "minecraft:item",
					"name": "minecraft:bamboo",
					"weight": 10,
					"functions": [
						{
							"function": "minecraft:set_count",
							"count": {
								"min": 4,
								"max": 64
							}
						}
					]
				},
				{
					"type": "minecraft:item",
					"name": "minecraft:oak_log",
					"weight": 10,
					"functions": [
						{
							"function": "minecraft:set_count",
							"count": {
								"min": 4,
								"max": 64
							}
						}
					],
					"conditions": [
						{
							"condition": "minecraft:location_check",
							"predicate": {
								"biomes": "#minecraft:is_forest"
							}
						}
					]
				},
				{
					"type": "minecraft:item",
					"name": "minecraft:birch_log",
					"weight": 10,
					"functions": [
						{
							"function": "minecraft:set_count",
							"count": {
								"min": 4,
								"max": 64
							}
						}
					],
					"conditions": [
						{
							"condition": "minecraft:location_check",
							"predicate": {
								"biomes": "#minecraft:is_forest"
							}
						}
					]
				},
				{
					"type": "minecraft:item",
					"name": "minecraft:spruce_log",
					"weight": 10,
					"functions": [
						{
							"function": "minecraft:set_count",
							"count": {
								"min": 4,
								"max": 64
							},
							"conditions": [
								{
									"condition": "minecraft:location_check",
									"predicate": {
										"biomes": "#minecraft:is_taiga"
									}
								}
							]
						}
					]
				},
				{
					"type": "minecraft:item",
					"name": "minecraft:cherry_log",
					"weight": 10,
					"functions": [
						{
							"function": "minecraft:set_count",
							"count": {
								"min": 1,
								"max": 64
							}
						}
					]
				}
			]
		}
	],
	"random_sequence": "minecraft:gameplay/fishing/junk"
}
