{
	"type": "minecraft:fishing",
	"pools": [
		{
			"rolls": 1,
			"bonus_rolls": 0,
			"entries": [
				{
					"type": "minecraft:item",
					"name": "minecraft:name_tag",
					"weight": 15,
					"functions": [
						{
							"function": "minecraft:set_count",
							"count": {
								"min": 1,
								"max": 10
							}
						}
					]
				},
				{
					"type": "minecraft:item",
					"name": "minecraft:saddle",
					"weight": 15
				},
				{
					"type": "minecraft:item",
					"name": "minecraft:bow",
					"weight": 10,
					"functions": [
						{
							"function": "minecraft:enchant_with_levels",
							"levels": 30
						},
						{
							"function": "minecraft:set_damage",
							"damage": {
								"type": "minecraft:uniform",
								"min": 0.9,
								"max": 1
							},
							"add": false
						},
						{
							"function": "minecraft:enchant_randomly"
						}
					]
				},
				{
					"type": "minecraft:item",
					"name": "minecraft:fishing_rod",
					"weight": 10,
					"functions": [
						{
							"function": "minecraft:enchant_with_levels",
							"levels": 30
						},
						{
							"function": "minecraft:set_damage",
							"damage": {
								"type": "minecraft:uniform",
								"min": 0.9,
								"max": 1
							},
							"add": false
						},
						{
							"function": "minecraft:enchant_randomly"
						}
					]
				},
				{
					"type": "minecraft:item",
					"name": "minecraft:book",
					"weight": 10,
					"functions": [
						{
							"function": "minecraft:enchant_randomly"
						},
						{
							"function": "minecraft:enchant_with_levels",
							"levels": 30
						}
					]
				},
				{
					"type": "minecraft:item",
					"name": "minecraft:nautilus_shell",
					"weight": 5,
					"functions": [
						{
							"function": "minecraft:set_count",
							"count": {
								"min": 1,
								"max": 8
							}
						}
					]
				},
				{
					"type": "minecraft:item",
					"name": "minecraft:diamond_boots",
					"weight": 5,
					"functions": [
						{
							"function": "minecraft:enchant_with_levels",
							"levels": {
								"min": 15,
								"max": 45
							},
							"options": "#minecraft:exclusive_set/armor"
						},
						{
							"function": "minecraft:enchant_with_levels",
							"levels": {
								"min": 15,
								"max": 45
							},
							"options": "#minecraft:exclusive_set/armor"
						},
						{
							"function": "minecraft:enchant_with_levels",
							"levels": {
								"min": 15,
								"max": 45
							},
							"options": "#minecraft:exclusive_set/armor"
						},
						{
							"function": "minecraft:enchant_with_levels",
							"levels": {
								"min": 15,
								"max": 45
							},
							"options": "#minecraft:exclusive_set/armor"
						},
						{
							"function": "minecraft:set_damage",
							"damage": {
								"min": 0,
								"max": 0.01
							}
						},
						{
							"function": "minecraft:enchant_with_levels",
							"levels": 30
						},
						{
							"function": "minecraft:set_enchantments",
							"enchantments": {}
						}
					]
				},
				{
					"type": "minecraft:item",
					"name": "minecraft:heart_of_the_sea",
					"weight": 5
				},
				{
					"type": "minecraft:item",
					"name": "minecraft:totem_of_undying",
					"weight": 5
				},
				{
					"type": "minecraft:item",
					"name": "minecraft:trident",
					"weight": 5
				},
				{
					"type": "minecraft:item",
					"name": "minecraft:drowned_spawn_egg",
					"weight": 5
				},
				{
					"type": "minecraft:item",
					"name": "minecraft:glow_squid_spawn_egg",
					"weight": 6
				},
				{
					"type": "minecraft:item",
					"name": "minecraft:squid_spawn_egg",
					"weight": 4
				}
			]
		}
	],
	"random_sequence": "minecraft:gameplay/fishing/treasure"
}
