{
	"display": {
		"icon": {
			"id": "minecraft:diamond_sword",
			"components": {
				"minecraft:enchantment_glint_override": true
			}
		},
		"title": "Over-Over-Over-Over-Overkill",
		"description": "Deal 144 hearts of damage in a single hit",
		"frame": "challenge",
		"show_toast": true,
		"announce_to_chat": true,
		"hidden": true
	},
	"parent": "timo:tab_timo/72hearts",
	"criteria": {
		"requirement": {
			"trigger": "minecraft:player_hurt_entity",
			"conditions": {
				"damage": {
					"dealt": {
						"min": 288
					}
				}
			}
		}
	},
	"sends_telemetry_event": true
}
