{
	"display": {
		"icon": {
			"id": "minecraft:wooden_sword",
			"components": {
				"minecraft:enchantment_glint_override": true
			}
		},
		"title": "Overkill",
		"description": "Deal 9 hearts of damage in a single hit",
		"frame": "goal",
		"show_toast": true,
		"announce_to_chat": true,
		"hidden": false
	},
	"parent": "timo:tab_timo/root",
	"criteria": {
		"requirement": {
			"trigger": "minecraft:player_hurt_entity",
			"conditions": {
				"damage": {
					"dealt": {
						"min": 18
					}
				}
			}
		}
	},
	"sends_telemetry_event": true
}
