{
	"display": {
		"icon": {
			"id": "minecraft:leather_boots",
			"components": {
				"minecraft:enchantment_glint_override": true
			}
		},
		"title": "HOW?",
		"description": "Fall 1000 Blocks and don't die",
		"frame": "challenge",
		"show_toast": true,
		"announce_to_chat": true,
		"hidden": true
	},
	"parent": "timo:tab_timo/root",
	"criteria": {
		"requirement": {
			"trigger": "minecraft:fall_from_height",
			"conditions": {
				"distance": {
					"y": {
						"min": 1000
					}
				}
			}
		}
	}
}
