{
	"display": {
		"icon": {
			"id": "minecraft:ender_chest"
		},
		"title": "Loot Master",
		"description": "Complete all Loot Advancements",
		"frame": "goal",
		"show_toast": true,
		"announce_to_chat": true,
		"hidden": false
	},
	"parent": "timo:tab_timo/illegal_master",
	"criteria": {
		"bastion": {
			"trigger": "minecraft:tick",
			"conditions": {
				"player": {
					"type_specific": {
						"type": "minecraft:player",
						"advancements": {
							"timo:tab_timo/loot/bastion": true
						}
					}
				}
			}
		},
		"bastion/bridge": {
			"trigger": "minecraft:tick",
			"conditions": {
				"player": {
					"type_specific": {
						"type": "minecraft:player",
						"advancements": {
							"timo:tab_timo/loot/bastion/bridge": true
						}
					}
				}
			}
		},
		"bastion/hoglin": {
			"trigger": "minecraft:tick",
			"conditions": {
				"player": {
					"type_specific": {
						"type": "minecraft:player",
						"advancements": {
							"timo:tab_timo/loot/bastion/hoglin": true
						}
					}
				}
			}
		},
		"bastion/other": {
			"trigger": "minecraft:tick",
			"conditions": {
				"player": {
					"type_specific": {
						"type": "minecraft:player",
						"advancements": {
							"timo:tab_timo/loot/bastion/other": true
						}
					}
				}
			}
		},
		"bastion/treasure": {
			"trigger": "minecraft:tick",
			"conditions": {
				"player": {
					"type_specific": {
						"type": "minecraft:player",
						"advancements": {
							"timo:tab_timo/loot/bastion/trasure": true
						}
					}
				}
			}
		},
		"desert_temple": {
			"trigger": "minecraft:tick",
			"conditions": {
				"player": {
					"type_specific": {
						"type": "minecraft:player",
						"advancements": {
							"timo:tab_timo/loot/desert_temple": true
						}
					}
				}
			}
		},
		"end_city": {
			"trigger": "minecraft:tick",
			"conditions": {
				"player": {
					"type_specific": {
						"type": "minecraft:player",
						"advancements": {
							"timo:tab_timo/loot/end_city": true
						}
					}
				}
			}
		},
		"fortress": {
			"trigger": "minecraft:tick",
			"conditions": {
				"player": {
					"type_specific": {
						"type": "minecraft:player",
						"advancements": {
							"timo:tab_timo/loot/fortress": true
						}
					}
				}
			}
		},
		"jungle_temple": {
			"trigger": "minecraft:tick",
			"conditions": {
				"player": {
					"type_specific": {
						"type": "minecraft:player",
						"advancements": {
							"timo:tab_timo/loot/jungle_temple": true
						}
					}
				}
			}
		},
		"jungle_temple_dispenser": {
			"trigger": "minecraft:tick",
			"conditions": {
				"player": {
					"type_specific": {
						"type": "minecraft:player",
						"advancements": {
							"timo:tab_timo/loot/jungle_temple_dispenser": true
						}
					}
				}
			}
		},
		"redstone_chamber": {
			"trigger": "minecraft:tick",
			"conditions": {
				"player": {
					"type_specific": {
						"type": "minecraft:player",
						"advancements": {
							"timo:tab_timo/loot/redstone_chamber": true
						}
					}
				}
			}
		},
		"redstone_chamber_secret": {
			"trigger": "minecraft:tick",
			"conditions": {
				"player": {
					"type_specific": {
						"type": "minecraft:player",
						"advancements": {
							"timo:tab_timo/loot/redstone_chamber_secret": true
						}
					}
				}
			}
		},
		"ruined_portal": {
			"trigger": "minecraft:tick",
			"conditions": {
				"player": {
					"type_specific": {
						"type": "minecraft:player",
						"advancements": {
							"timo:tab_timo/loot/ruined_portal": true
						}
					}
				}
			}
		},
		"shipwreck/buried_treasure": {
			"trigger": "minecraft:tick",
			"conditions": {
				"player": {
					"type_specific": {
						"type": "minecraft:player",
						"advancements": {
							"timo:tab_timo/loot/shipwreck/buried_treasure": true
						}
					}
				}
			}
		},
		"shipwreck/map": {
			"trigger": "minecraft:tick",
			"conditions": {
				"player": {
					"type_specific": {
						"type": "minecraft:player",
						"advancements": {
							"timo:tab_timo/loot/shipwreck/map": true
						}
					}
				}
			}
		},
		"shipwreck/supply": {
			"trigger": "minecraft:tick",
			"conditions": {
				"player": {
					"type_specific": {
						"type": "minecraft:player",
						"advancements": {
							"timo:tab_timo/loot/shipwreck/supply": true
						}
					}
				}
			}
		},
		"shipwreck/treasure": {
			"trigger": "minecraft:tick",
			"conditions": {
				"player": {
					"type_specific": {
						"type": "minecraft:player",
						"advancements": {
							"timo:tab_timo/loot/shipwreck/treasure": true
						}
					}
				}
			}
		},
		"village/desert_house": {
			"trigger": "minecraft:tick",
			"conditions": {
				"player": {
					"type_specific": {
						"type": "minecraft:player",
						"advancements": {
							"timo:tab_timo/loot/village/desert_house": true
						}
					}
				}
			}
		},
		"village/plains_house": {
			"trigger": "minecraft:tick",
			"conditions": {
				"player": {
					"type_specific": {
						"type": "minecraft:player",
						"advancements": {
							"timo:tab_timo/loot/village/plains_house": true
						}
					}
				}
			}
		},
		"village/savanna_house": {
			"trigger": "minecraft:tick",
			"conditions": {
				"player": {
					"type_specific": {
						"type": "minecraft:player",
						"advancements": {
							"timo:tab_timo/loot/village/savanna_house": true
						}
					}
				}
			}
		},
		"village/taiga_house": {
			"trigger": "minecraft:tick",
			"conditions": {
				"player": {
					"type_specific": {
						"type": "minecraft:player",
						"advancements": {
							"timo:tab_timo/loot/village/taiga_house": true
						}
					}
				}
			}
		}
	},
	"sends_telemetry_event": true
}
