{
	"type": "minecraft:crafting_shapeless",
	"ingredients": [
		[
			{
				"item": "minecraft:bee_nest"
			},
			{
				"item": "minecraft:beehive"
			}
		],
		{
			"tag": "minecraft:flowers"
		}
	],
	"result": {
		"id": "minecraft:bee_nest",
		"components": {
			"minecraft:bees": [
				{
					"entity_data": {},
					"ticks_in_hive": 0,
					"min_ticks_in_hive": 0
				},
				{
					"entity_data": {},
					"ticks_in_hive": 0,
					"min_ticks_in_hive": 0
				},
				{
					"entity_data": {},
					"ticks_in_hive": 0,
					"min_ticks_in_hive": 0
				}
			]
		}
	}
}
