{
	"type": "minecraft:archaeology",
	"pools": [
		{
			"rolls": 1,
			"bonus_rolls": 0,
			"entries": [
				{
					"type": "minecraft:item",
					"name": "minecraft:archer_pottery_sherd"
				},
				{
					"type": "minecraft:item",
					"name": "minecraft:miner_pottery_sherd"
				},
				{
					"type": "minecraft:item",
					"name": "minecraft:prize_pottery_sherd"
				},
				{
					"type": "minecraft:item",
					"name": "minecraft:skull_pottery_sherd"
				},
				{
					"type": "minecraft:item",
					"name": "minecraft:diamond"
				},
				{
					"type": "minecraft:item",
					"name": "minecraft:tnt"
				},
				{
					"type": "minecraft:item",
					"name": "minecraft:skeleton_skull"
				},
				{
					"type": "minecraft:item",
					"name": "minecraft:creeper_head"
				},
				{
					"type": "minecraft:item",
					"name": "minecraft:zombie_head"
				},
				{
					"type": "minecraft:item",
					"name": "minecraft:player_head"
				},
				{
					"type": "minecraft:item",
					"name": "minecraft:villager_spawn_egg"
				}
			]
		}
	],
	"random_sequence": "minecraft:archaeology/desert_pyramid"
}
