{
	"type": "minecraft:archaeology",
	"pools": [
		{
			"rolls": 1,
			"bonus_rolls": 0,
			"entries": [
				{
					"type": "minecraft:item",
					"name": "minecraft:arms_up_pottery_sherd",
					"weight": 2
				},
				{
					"type": "minecraft:item",
					"name": "minecraft:brewer_pottery_sherd",
					"weight": 2
				},
				{
					"type": "minecraft:item",
					"name": "minecraft:emerald"
				},
				{
					"type": "minecraft:item",
					"name": "minecraft:suspicious_stew",
					"functions": [
						{
							"function": "minecraft:set_stew_effect",
							"effects": [
								{
									"type": "minecraft:night_vision",
									"duration": {
										"type": "minecraft:uniform",
										"min": 7,
										"max": 10
									}
								},
								{
									"type": "minecraft:jump_boost",
									"duration": {
										"type": "minecraft:uniform",
										"min": 7,
										"max": 10
									}
								},
								{
									"type": "minecraft:saturation",
									"duration": {
										"type": "minecraft:uniform",
										"min": 7,
										"max": 10
									}
								},
								{
									"type": "minecraft:regeneration",
									"duration": {
										"min": 7,
										"max": 10
									}
								}
							]
						}
					]
				},
				{
					"type": "minecraft:item",
					"name": "minecraft:diamond_block"
				},
				{
					"type": "minecraft:item",
					"name": "minecraft:zombie_horse_spawn_egg"
				},
				{
					"type": "minecraft:item",
					"name": "minecraft:skeleton_horse_spawn_egg"
				}
			]
		}
	],
	"random_sequence": "minecraft:archaeology/desert_well"
}
