{
	"type": "minecraft:archaeology",
	"pools": [
		{
			"rolls": 1,
			"bonus_rolls": 0,
			"entries": [
				{
					"type": "minecraft:item",
					"name": "minecraft:blade_pottery_sherd"
				},
				{
					"type": "minecraft:item",
					"name": "minecraft:explorer_pottery_sherd"
				},
				{
					"type": "minecraft:item",
					"name": "minecraft:mourner_pottery_sherd"
				},
				{
					"type": "minecraft:item",
					"name": "minecraft:plenty_pottery_sherd"
				},
				{
					"type": "minecraft:item",
					"name": "minecraft:emerald",
					"weight": 2
				},
				{
					"type": "minecraft:item",
					"name": "minecraft:coal",
					"weight": 2
				},
				{
					"type": "minecraft:item",
					"name": "minecraft:trident"
				},
				{
					"type": "minecraft:item",
					"name": "minecraft:squid_spawn_egg"
				},
				{
					"type": "minecraft:item",
					"name": "minecraft:salmon_spawn_egg"
				},
				{
					"type": "minecraft:item",
					"name": "minecraft:guardian_spawn_egg"
				},
				{
					"type": "minecraft:item",
					"name": "minecraft:glow_squid_spawn_egg"
				},
				{
					"type": "minecraft:item",
					"name": "minecraft:drowned_spawn_egg"
				}
			]
		}
	],
	"random_sequence": "minecraft:archaeology/ocean_ruin_cold"
}
