{
	"type": "minecraft:archaeology",
	"pools": [
		{
			"rolls": 1,
			"bonus_rolls": 0,
			"entries": [
				{
					"type": "minecraft:item",
					"name": "minecraft:angler_pottery_sherd"
				},
				{
					"type": "minecraft:item",
					"name": "minecraft:shelter_pottery_sherd"
				},
				{
					"type": "minecraft:item",
					"name": "minecraft:snort_pottery_sherd"
				},
				{
					"type": "minecraft:item",
					"name": "minecraft:sniffer_egg"
				},
				{
					"type": "minecraft:item",
					"name": "minecraft:emerald",
					"weight": 2
				},
				{
					"type": "minecraft:item",
					"name": "minecraft:coal",
					"weight": 2
				},
				{
					"type": "minecraft:item",
					"name": "minecraft:torchflower_seeds"
				},
				{
					"type": "minecraft:item",
					"name": "minecraft:pitcher_pod"
				},
				{
					"type": "minecraft:item",
					"name": "minecraft:dolphin_spawn_egg"
				},
				{
					"type": "minecraft:item",
					"name": "minecraft:elder_guardian_spawn_egg"
				},
				{
					"type": "minecraft:item",
					"name": "minecraft:cod_spawn_egg"
				},
				{
					"type": "minecraft:item",
					"name": "minecraft:tropical_fish_spawn_egg"
				},
				{
					"type": "minecraft:item",
					"name": "minecraft:pufferfish_spawn_egg"
				}
			]
		}
	],
	"random_sequence": "minecraft:archaeology/ocean_ruin_warm"
}
