{
  "type": "minecraft:archaeology",
  "pools": [
    {
      "rolls": 1,
      "bonus_rolls": 0,
      "entries": [
        {
          "type": "minecraft:item",
          "name": "minecraft:diamond"
        },
        {
          "type": "minecraft:item",
          "name": "minecraft:chipped_anvil"
        },
        {
          "type": "minecraft:item",
          "name": "minecraft:smithing_table"
        },
        {
          "type": "minecraft:item",
          "name": "minecraft:terracotta"
        },
        {
          "type": "minecraft:item",
          "name": "minecraft:decorated_pot"
        },
        {
          "type": "minecraft:item",
          "name": "minecraft:spruce_sign"
        },
        {
          "type": "minecraft:item",
          "name": "minecraft:oak_sign"
        },
        {
          "type": "minecraft:item",
          "name": "minecraft:emerald"
        },
        {
          "type": "minecraft:item",
          "name": "minecraft:wheat"
        },
        {
          "type": "minecraft:item",
          "name": "minecraft:brick",
          "functions": [
            {
              "function": "minecraft:set_count",
              "count": 2
            }
          ]
        },
        {
          "type": "minecraft:item",
          "name": "minecraft:spruce_hanging_sign"
        },
        {
          "type": "minecraft:item",
          "name": "minecraft:oak_hanging_sign"
        },
        {
          "type": "minecraft:item",
          "name": "minecraft:coal"
        },
        {
          "type": "minecraft:item",
          "name": "minecraft:flower_pot"
        },
        {
          "type": "minecraft:item",
          "name": "minecraft:lead"
        }
      ]
    }
  ],
  "random_sequence": "minecraft:archaeology/trail_ruins_common"
}
