{
	"type": "minecraft:entity",
	"pools": [
		{
			"rolls": 1,
			"entries": [
				{
					"type": "item",
					"name": "minecraft:player_head",
					"weight": 1,
					"functions": [
						{
							"function": "set_components",
							"components": {
								"minecraft:note_block_sound": "minecraft:entity.sheep.ambient",
								"minecraft:profile": {
									"properties": [
										{
											"name": "textures",
											"value": "eyJ0ZXh0dXJlcyI6eyJTS0lOIjp7InVybCI6Imh0dHA6Ly90ZXh0dXJlcy5taW5lY3JhZnQubmV0L3RleHR1cmUvNWQ0MmZjYmNhZjlkNDhmNzNmZmIwYzNjMzZmMzRiNDY0MzI5NWY2ZGFhNmNjNzRhYjlkMjQyZWQ1YWE1NjM2In19fQ=="
										}
									]
								},
								"minecraft:item_name": "\"Cyan Sheep Head\""
							}
						}
					]
				}
			],
			"conditions": [
				{
					"condition": "killed_by_player"
				},
				{
					"condition": "inverted",
					"term": {
						"condition": "any_of",
						"terms": [
							{
								"condition": "entity_properties",
								"predicate": {
									"nbt": "{CustomName:\"{\\\"text\\\":\\\"jeb_\\\"}\"}"
								},
								"entity": "this"
							},
							{
								"condition": "entity_properties",
								"predicate": {
									"nbt": "{CustomName:\"\\\"jeb_\\\"\"}"
								},
								"entity": "this"
							}
						]
					}
				},
				{
					"condition": "random_chance_with_enchanted_bonus",
					"enchantment": "minecraft:looting",
					"unenchanted_chance": 0.0175,
					"enchanted_chance": {
						"type": "minecraft:linear",
						"base": 0.02,
						"per_level_above_first": 0.0025
					}
				}
			]
		},
		{
			"rolls": 1,
			"entries": [
				{
					"type": "minecraft:loot_table",
					"value": "more_mob_heads:entities/sheep/jeb_sheep"
				}
			]
		}
	]
}
