{
	"type": "minecraft:fishing",
	"pools": [
		{
			"rolls": 1,
			"bonus_rolls": 0,
			"entries": [
				{
					"type": "minecraft:loot_table",
					"value": "minecraft:gameplay/fishing/junk",
					"weight": 30
				},
				{
					"type": "minecraft:loot_table",
					"value": "minecraft:gameplay/fishing/treasure",
					"weight": 20
				},
				{
					"type": "minecraft:loot_table",
					"value": "minecraft:gameplay/fishing/fish",
					"weight": 50
				}
			]
		}
	],
	"random_sequence": "minecraft:gameplay/fishing"
}
