{
	"type": "minecraft:chest",
	"pools": [
		{
			"rolls": 1,
			"entries": [
				{
					"type": "minecraft:item",
					"name": "minecraft:elder_guardian_spawn_egg",
					"conditions": [
						{
							"condition": "minecraft:random_chance",
							"chance": 0.3
						}
					]
				}
			]
		},
		{
			"rolls": 1,
			"entries": [
				{
					"type": "minecraft:item",
					"name": "minecraft:guardian_spawn_egg",
					"conditions": [
						{
							"condition": "minecraft:random_chance",
							"chance": 0.3
						}
					]
				}
			]
		},
		{
			"rolls": 1,
			"entries": [
				{
					"type": "minecraft:item",
					"name": "minecraft:drowned_spawn_egg",
					"conditions": [
						{
							"condition": "minecraft:random_chance",
							"chance": 0.3
						}
					]
				}
			]
		},
		{
			"rolls": 1,
			"entries": [
				{
					"type": "minecraft:item",
					"name": "minecraft:glow_squid_spawn_egg",
					"conditions": [
						{
							"condition": "minecraft:random_chance",
							"chance": 0.3
						}
					]
				}
			]
		},
		{
			"rolls": 1,
			"entries": [
				{
					"type": "minecraft:item",
					"name": "minecraft:squid_spawn_egg",
					"conditions": [
						{
							"condition": "minecraft:random_chance",
							"chance": 0.3
						}
					]
				}
			]
		},
		{
			"rolls": 1,
			"entries": [
				{
					"type": "minecraft:item",
					"name": "minecraft:dolphin_spawn_egg",
					"conditions": [
						{
							"condition": "minecraft:random_chance",
							"chance": 0.3
						}
					]
				}
			]
		},
		{
			"rolls": 1,
			"entries": [
				{
					"type": "minecraft:item",
					"name": "minecraft:tropical_fish_spawn_egg",
					"conditions": [
						{
							"condition": "minecraft:random_chance",
							"chance": 0.3
						}
					]
				}
			]
		},
		{
			"rolls": 1,
			"entries": [
				{
					"type": "minecraft:item",
					"name": "minecraft:cod_spawn_egg",
					"conditions": [
						{
							"condition": "minecraft:random_chance",
							"chance": 0.3
						}
					]
				}
			]
		},
		{
			"rolls": 1,
			"entries": [
				{
					"type": "minecraft:item",
					"name": "minecraft:salmon_spawn_egg",
					"conditions": [
						{
							"condition": "minecraft:random_chance",
							"chance": 0.3
						}
					]
				}
			]
		},
		{
			"rolls": 1,
			"entries": [
				{
					"type": "minecraft:item",
					"name": "minecraft:trident",
					"conditions": [
						{
							"condition": "minecraft:random_chance",
							"chance": 0.1
						}
					]
				}
			]
		},
		{
			"rolls": 1,
			"entries": [
				{
					"type": "minecraft:item",
					"name": "minecraft:emerald",
					"functions": [
						{
							"function": "minecraft:set_count",
							"count": {
								"min": 1,
								"max": 4
							}
						}
					],
					"conditions": [
						{
							"condition": "minecraft:random_chance",
							"chance": 0.5
						}
					]
				}
			]
		},
		{
			"rolls": 1,
			"entries": [
				{
					"type": "minecraft:item",
					"name": "minecraft:coal",
					"functions": [
						{
							"function": "minecraft:set_count",
							"count": {
								"min": 1,
								"max": 9
							}
						}
					]
				}
			]
		},
		{
			"rolls": 1,
			"entries": [
				{
					"type": "minecraft:item",
					"name": "minecraft:fishing_rod",
					"functions": [
						{
							"function": "minecraft:enchant_randomly"
						}
					]
				}
			]
		},
		{
			"rolls": 1,
			"bonus_rolls": 0,
			"entries": [
				{
					"type": "minecraft:item",
					"name": "minecraft:map",
					"functions": [
						{
							"function": "minecraft:exploration_map",
							"decoration": "minecraft:red_x",
							"zoom": 1,
							"skip_existing_chunks": false,
           					"destination": "minecraft:on_treasure_maps"
						},
						{
							"function": "minecraft:set_name",
							"target": "item_name",
							"name": {
								"translate": "filled_map.buried_treasure"
							}
						}
					]
				}
			]
		}
	],
	"random_sequence": "minecraft:chests/underwater_ruin_small"
}
