{
	"display": {
		"icon": {
			"id": "minecraft:acacia_log"
		},
		"title": "Savanna",
		"description": "Loot a savanna village house",
		"frame": "task",
		"show_toast": true,
		"announce_to_chat": true,
		"hidden": false
	},
	"parent": "timo:tab_timo/loot/village/taiga_house",
	"criteria": {
		"requirement": {
			"trigger": "minecraft:player_generates_container_loot",
			"conditions": {
				"loot_table": "minecraft:chests/village/village_savanna_house"
			}
		}
	},
	"sends_telemetry_event": true
}
