{
	"display": {
		"icon": {
			"id": "minecraft:bedrock"
		},
		"title": "The unbreakeable block",
		"description": "Obtain Bedrock (Check your recipes)",
		"frame": "challenge",
		"show_toast": true,
		"announce_to_chat": true,
		"hidden": false
	},
	"parent": "timo:tab_timo/illegal",
	"criteria": {
		"requirement": {
			"trigger": "minecraft:inventory_changed",
			"conditions": {
				"items": [
					{
						"items": "minecraft:bedrock"
					}
				]
			}
		}
	},
	"sends_telemetry_event": true
}
