{
	"display": {
		"icon": {
			"id": "minecraft:pig_spawn_egg"
		},
		"title": "Finally a spawn egg",
		"description": "Obtain a Spawn Egg",
		"frame": "challenge",
		"show_toast": true,
		"announce_to_chat": true,
		"hidden": false
	},
	"parent": "timo:tab_timo/illegal/trial_spawner",
	"criteria": {
		"requirement": {
			"trigger": "minecraft:inventory_changed",
			"conditions": {
				"items": [
					{
						"items": "#timo:spawn_eggs"
					}
				]
			}
		}
	},
	"sends_telemetry_event": true
}
