{
	"display": {
		"icon": {
			"id": "minecraft:spawner"
		},
		"title": "I need a spawn egg",
		"description": {
			"text": "Obtain a Spawner ",
			"extra": [
				{
					"text": "You can do this with silk touch"
				}
			]
		},
		"frame": "challenge",
		"show_toast": true,
		"announce_to_chat": true,
		"hidden": false
	},
	"parent": "timo:tab_timo/illegal",
	"criteria": {
		"requirement": {
			"trigger": "minecraft:inventory_changed",
			"conditions": {
				"items": [
					{
						"items": "minecraft:spawner"
					}
				]
			}
		}
	},
	"sends_telemetry_event": true
}
