{
	"type": "minecraft:entity",
	"pools": [
		{
			"rolls": 1,
			"entries": [
				{
					"type": "minecraft:alternatives",
					"conditions": [
						{
							"condition": "killed_by_player"
						}
					],
					"children": [
						{
							"type": "item",
							"name": "minecraft:player_head",
							"functions": [
								{
									"function": "set_components",
									"components": {
										"minecraft:note_block_sound": "minecraft:entity.axolotl.idle_air",
										"minecraft:profile": {
											"properties": [
												{
													"name": "textures",
													"value": "eyJ0ZXh0dXJlcyI6eyJTS0lOIjp7InVybCI6Imh0dHA6Ly90ZXh0dXJlcy5taW5lY3JhZnQubmV0L3RleHR1cmUvNjY3ZTE1ZWFiNzMwNjRiNjY4MGQxZGI5OGJhNDQ1ZWQwOTE0YmEzNWE3OTk5OTdjMGRhMmIwM2ZmYzNhODgyNiJ9fX0="
												}
											]
										},
										"minecraft:item_name": "\"Lucy Axolotl Head\""
									}
								}
							],
							"conditions": [
								{
									"condition": "entity_properties",
									"predicate": {
										"nbt": "{Variant:0}"
									},
									"entity": "this"
								},
								{
									"condition": "random_chance_with_enchanted_bonus",
									"enchantment": "minecraft:looting",
									"unenchanted_chance": 0.2,
									"enchanted_chance": {
										"type": "minecraft:linear",
										"base": 0.21,
										"per_level_above_first": 0.01
									}
								}
							]
						},
						{
							"type": "item",
							"name": "minecraft:player_head",
							"functions": [
								{
									"function": "set_components",
									"components": {
										"minecraft:note_block_sound": "minecraft:entity.axolotl.idle_air",
										"minecraft:profile": {
											"properties": [
												{
													"name": "textures",
													"value": "eyJ0ZXh0dXJlcyI6eyJTS0lOIjp7InVybCI6Imh0dHA6Ly90ZXh0dXJlcy5taW5lY3JhZnQubmV0L3RleHR1cmUvNDdjZjAyNzQ5OThiZjVhN2YzOGIzNzAzNmUxNTRmMTEyZmEyZTI4YmFkNDBkNWE3Yzk0NzY1ZmU0ZjUyMjExZSJ9fX0="
												}
											]
										},
										"minecraft:item_name": "\"Wild Axolotl Head\""
									}
								}
							],
							"conditions": [
								{
									"condition": "entity_properties",
									"predicate": {
										"nbt": "{Variant:1}"
									},
									"entity": "this"
								},
								{
									"condition": "random_chance_with_enchanted_bonus",
									"enchantment": "minecraft:looting",
									"unenchanted_chance": 0.2,
									"enchanted_chance": {
										"type": "minecraft:linear",
										"base": 0.21,
										"per_level_above_first": 0.01
									}
								}
							]
						},
						{
							"type": "item",
							"name": "minecraft:player_head",
							"functions": [
								{
									"function": "set_components",
									"components": {
										"minecraft:note_block_sound": "minecraft:entity.axolotl.idle_air",
										"minecraft:profile": {
											"properties": [
												{
													"name": "textures",
													"value": "eyJ0ZXh0dXJlcyI6eyJTS0lOIjp7InVybCI6Imh0dHA6Ly90ZXh0dXJlcy5taW5lY3JhZnQubmV0L3RleHR1cmUvZTU4NTYwMTE1ZmFhZDExNjE5YjNkNTVkZTc5ZWYyYTA1M2Y0NzhhNjcxOTRiYmU5MjQ3ZWRlYTBiYzk4ZTgzNCJ9fX0="
												}
											]
										},
										"minecraft:item_name": "\"Gold Axolotl Head\""
									}
								}
							],
							"conditions": [
								{
									"condition": "entity_properties",
									"predicate": {
										"nbt": "{Variant:2}"
									},
									"entity": "this"
								},
								{
									"condition": "random_chance_with_enchanted_bonus",
									"enchantment": "minecraft:looting",
									"unenchanted_chance": 0.2,
									"enchanted_chance": {
										"type": "minecraft:linear",
										"base": 0.21,
										"per_level_above_first": 0.01
									}
								}
							]
						},
						{
							"type": "item",
							"name": "minecraft:player_head",
							"functions": [
								{
									"function": "set_components",
									"components": {
										"minecraft:note_block_sound": "minecraft:entity.axolotl.idle_air",
										"minecraft:profile": {
											"properties": [
												{
													"name": "textures",
													"value": "eyJ0ZXh0dXJlcyI6eyJTS0lOIjp7InVybCI6Imh0dHA6Ly90ZXh0dXJlcy5taW5lY3JhZnQubmV0L3RleHR1cmUvODUxMTk2ZDQzOTMwNjU5ZDcxN2UxYjZhMDQ2YTA4ZDEyMjBmY2I0ZTMxYzQ4NTZiYzMzZTc1NTE5ODZlZjFkIn19fQ=="
												}
											]
										},
										"minecraft:item_name": "\"Cyan Axolotl Head\""
									}
								}
							],
							"conditions": [
								{
									"condition": "entity_properties",
									"predicate": {
										"nbt": "{Variant:3}"
									},
									"entity": "this"
								},
								{
									"condition": "random_chance_with_enchanted_bonus",
									"enchantment": "minecraft:looting",
									"unenchanted_chance": 0.2,
									"enchanted_chance": {
										"type": "minecraft:linear",
										"base": 0.21,
										"per_level_above_first": 0.01
									}
								}
							]
						},
						{
							"type": "item",
							"name": "minecraft:player_head",
							"functions": [
								{
									"function": "set_components",
									"components": {
										"minecraft:note_block_sound": "minecraft:entity.axolotl.idle_air",
										"minecraft:profile": {
											"properties": [
												{
													"name": "textures",
													"value": "eyJ0ZXh0dXJlcyI6eyJTS0lOIjp7InVybCI6Imh0dHA6Ly90ZXh0dXJlcy5taW5lY3JhZnQubmV0L3RleHR1cmUvNjhmZDEwYjBmZWY0NTk1OTYwYjFmNjQxOTNiYzhhMTg2NWEyZDJlZDQ4YjJlMmNlMDNkOTk0NTYzMDI3ZGY5NSJ9fX0="
												}
											]
										},
										"minecraft:item_name": "\"Blue Axolotl Head\""
									}
								}
							],
							"conditions": [
								{
									"condition": "entity_properties",
									"predicate": {
										"nbt": "{Variant:4}"
									},
									"entity": "this"
								},
								{
									"condition": "random_chance_with_enchanted_bonus",
									"enchantment": "minecraft:looting",
									"unenchanted_chance": 1,
									"enchanted_chance": {
										"type": "minecraft:linear",
										"base": 1,
										"per_level_above_first": 0
									}
								}
							]
						}
					]
				}
			]
		}
	]
}
