{
	"type": "minecraft:entity",
	"pools": [
		{
			"rolls": 1,
			"entries": [
				{
					"type": "item",
					"name": "minecraft:player_head",
					"weight": 1,
					"functions": [
						{
							"function": "set_components",
							"components": {
								"minecraft:note_block_sound": "minecraft:entity.camel.ambient",
								"minecraft:profile": {
									"properties": [
										{
											"name": "textures",
											"value": "eyJ0ZXh0dXJlcyI6eyJTS0lOIjp7InVybCI6Imh0dHA6Ly90ZXh0dXJlcy5taW5lY3JhZnQubmV0L3RleHR1cmUvZTY3ZDQ1OTczNDAxNjZlMTk3OGE2NjhhMDZiZjU3NTZjMTdiNGNiNWI0MGFiOGZmMjQ0MDkzYjZiOGJjNzVkMyJ9fX0="
										}
									]
								},
								"minecraft:item_name": "\"Camel Head\""
							}
						}
					]
				}
			],
			"conditions": [
				{
					"condition": "killed_by_player"
				}
			]
		}
	]
}
