{
	"type": "minecraft:entity",
	"pools": [
		{
			"rolls": 1,
			"entries": [
				{
					"type": "minecraft:alternatives",
					"conditions": [
						{
							"condition": "killed_by_player"
						},
						{
							"condition": "random_chance_with_enchanted_bonus",
							"enchantment": "minecraft:looting",
							"unenchanted_chance": 0.25,
							"enchanted_chance": {
								"type": "minecraft:linear",
								"base": 0.27,
								"per_level_above_first": 0.02
							}
						}
					],
					"children": [
						{
							"type": "item",
							"name": "minecraft:player_head",
							"functions": [
								{
									"function": "set_components",
									"components": {
										"minecraft:note_block_sound": "minecraft:entity.parrot.ambient",
										"minecraft:profile": {
											"properties": [
												{
													"name": "textures",
													"value": "eyJ0ZXh0dXJlcyI6eyJTS0lOIjp7InVybCI6Imh0dHA6Ly90ZXh0dXJlcy5taW5lY3JhZnQubmV0L3RleHR1cmUvNDBhM2Q0N2Y1NGU3MWE1OGJmOGY1N2M1MjUzZmIyZDIxM2Y0ZjU1YmI3OTM0YTE5MTA0YmZiOTRlZGM3NmVhYSJ9fX0="
												}
											]
										},
										"minecraft:item_name": "\"Red Parrot Head\""
									}
								}
							],
							"conditions": [
								{
									"condition": "entity_properties",
									"predicate": {
										"nbt": "{Variant:0}"
									},
									"entity": "this"
								}
							]
						},
						{
							"type": "item",
							"name": "minecraft:player_head",
							"functions": [
								{
									"function": "set_components",
									"components": {
										"minecraft:note_block_sound": "minecraft:entity.parrot.ambient",
										"minecraft:profile": {
											"properties": [
												{
													"name": "textures",
													"value": "eyJ0ZXh0dXJlcyI6eyJTS0lOIjp7InVybCI6Imh0dHA6Ly90ZXh0dXJlcy5taW5lY3JhZnQubmV0L3RleHR1cmUvYjk0YmQzZmNmNGQ0NjM1NGVkZThmZWY3MzEyNmRiY2FiNTJiMzAxYTFjOGMyM2I2Y2RmYzEyZDYxMmI2MWJlYSJ9fX0="
												}
											]
										},
										"minecraft:item_name": "\"Blue Parrot Head\""
									}
								}
							],
							"conditions": [
								{
									"condition": "entity_properties",
									"predicate": {
										"nbt": "{Variant:1}"
									},
									"entity": "this"
								}
							]
						},
						{
							"type": "item",
							"name": "minecraft:player_head",
							"functions": [
								{
									"function": "set_components",
									"components": {
										"minecraft:note_block_sound": "minecraft:entity.parrot.ambient",
										"minecraft:profile": {
											"properties": [
												{
													"name": "textures",
													"value": "eyJ0ZXh0dXJlcyI6eyJTS0lOIjp7InVybCI6Imh0dHA6Ly90ZXh0dXJlcy5taW5lY3JhZnQubmV0L3RleHR1cmUvNmExZGMzMzExNTIzMmY4MDA4MjVjYWM5ZTNkOWVkMDNmYzE4YWU1NTNjMjViODA1OTUxMzAwMGM1OWUzNTRmZSJ9fX0="
												}
											]
										},
										"minecraft:item_name": "\"Green Parrot Head\""
									}
								}
							],
							"conditions": [
								{
									"condition": "entity_properties",
									"predicate": {
										"nbt": "{Variant:2}"
									},
									"entity": "this"
								}
							]
						},
						{
							"type": "item",
							"name": "minecraft:player_head",
							"functions": [
								{
									"function": "set_components",
									"components": {
										"minecraft:note_block_sound": "minecraft:entity.parrot.ambient",
										"minecraft:profile": {
											"properties": [
												{
													"name": "textures",
													"value": "eyJ0ZXh0dXJlcyI6eyJTS0lOIjp7InVybCI6Imh0dHA6Ly90ZXh0dXJlcy5taW5lY3JhZnQubmV0L3RleHR1cmUvNzI2OGNlMzdiZTg1MDdlZDY3ZTNkNDBiNjE3ZTJkNzJmNjZmOWQyMGIxMDZlZmIwOGU2YmEwNDFmOWI5ZWYxMCJ9fX0="
												}
											]
										},
										"minecraft:item_name": "\"Light Blue Parrot Head\""
									}
								}
							],
							"conditions": [
								{
									"condition": "entity_properties",
									"predicate": {
										"nbt": "{Variant:3}"
									},
									"entity": "this"
								}
							]
						},
						{
							"type": "item",
							"name": "minecraft:player_head",
							"functions": [
								{
									"function": "set_components",
									"components": {
										"minecraft:note_block_sound": "minecraft:entity.parrot.ambient",
										"minecraft:profile": {
											"properties": [
												{
													"name": "textures",
													"value": "eyJ0ZXh0dXJlcyI6eyJTS0lOIjp7InVybCI6Imh0dHA6Ly90ZXh0dXJlcy5taW5lY3JhZnQubmV0L3RleHR1cmUvNzFiZTcyM2FhMTczOTNkOTlkYWRkYzExOWM5OGIyYzc5YzU0YjM1ZGViZTA1YzcxMzhlZGViOGQwMjU2ZGM0NiJ9fX0="
												}
											]
										},
										"minecraft:item_name": "\"Gray Parrot Head\""
									}
								}
							],
							"conditions": [
								{
									"condition": "entity_properties",
									"predicate": {
										"nbt": "{Variant:4}"
									},
									"entity": "this"
								}
							]
						}
					]
				}
			]
		}
	]
}
