{
	"type": "minecraft:entity",
	"pools": [
		{
			"rolls": 1,
			"entries": [
				{
					"type": "item",
					"name": "minecraft:player_head",
					"weight": 1,
					"functions": [
						{
							"function": "set_components",
							"components": {
								"minecraft:note_block_sound": "minecraft:entity.piglin_brute.ambient",
								"minecraft:profile": {
									"properties": [
										{
											"name": "textures",
											"value": "eyJ0ZXh0dXJlcyI6eyJTS0lOIjp7InVybCI6Imh0dHA6Ly90ZXh0dXJlcy5taW5lY3JhZnQubmV0L3RleHR1cmUvNjQ4ODc5OWM4M2VjYjI5NDUyY2ViYTg5YzNjMDA5OTIxOTI3NGNlNWIyYmZiOGFkMGIzZWE0YzY1ZmFjNDYzMCJ9fX0="
										}
									]
								},
								"minecraft:item_name": "\"Piglin Brute Head\""
							}
						}
					]
				}
			],
			"conditions": [
				{
					"condition": "killed_by_player"
				},
				{
					"condition": "random_chance_with_enchanted_bonus",
					"enchantment": "minecraft:looting",
					"unenchanted_chance": 0.1,
					"enchanted_chance": {
						"type": "minecraft:linear",
						"base": 0.11,
						"per_level_above_first": 0.01
					}
				}
			]
		}
	]
}
