{
	"type": "minecraft:entity",
	"pools": [
		{
			"rolls": 1,
			"entries": [
				{
					"type": "minecraft:alternatives",
					"conditions": [
						{
							"condition": "killed_by_player"
						},
						{
							"condition": "random_chance_with_enchanted_bonus",
							"enchantment": "minecraft:looting",
							"unenchanted_chance": 0.5,
							"enchanted_chance": {
								"type": "minecraft:linear",
								"base": 0.52,
								"per_level_above_first": 0.02
							}
						}
					],
					"children": [
						{
							"type": "item",
							"name": "minecraft:player_head",
							"functions": [
								{
									"function": "set_components",
									"components": {
										"minecraft:note_block_sound": "minecraft:entity.zombie_villager.ambient",
										"minecraft:profile": {
											"properties": [
												{
													"name": "textures",
													"value": "eyJ0ZXh0dXJlcyI6eyJTS0lOIjp7InVybCI6Imh0dHA6Ly90ZXh0dXJlcy5taW5lY3JhZnQubmV0L3RleHR1cmUvYzg2NzllMDM0NzY3ZDUxODY2MGQ5NDE2ZGM1ZWFmMzE5ZDY5NzY4MmFjNDBjODg2ZTNjMmJjOGRmYTFkZTFkIn19fQ=="
												}
											]
										},
										"minecraft:item_name": "\"Zombie Armorer Head\""
									}
								}
							],
							"conditions": [
								{
									"condition": "entity_properties",
									"predicate": {
										"nbt": "{VillagerData:{profession:\"minecraft:armorer\"}}"
									},
									"entity": "this"
								}
							]
						},
						{
							"type": "item",
							"name": "minecraft:player_head",
							"functions": [
								{
									"function": "set_components",
									"components": {
										"minecraft:note_block_sound": "minecraft:entity.zombie_villager.ambient",
										"minecraft:profile": {
											"properties": [
												{
													"name": "textures",
													"value": "eyJ0ZXh0dXJlcyI6eyJTS0lOIjp7InVybCI6Imh0dHA6Ly90ZXh0dXJlcy5taW5lY3JhZnQubmV0L3RleHR1cmUvOWNjZThkNmNlNDEyNGNlYzNlODRhODUyZTcwZjUwMjkzZjI0NGRkYzllZTg1NzhmN2Q2ZDg5MjllMTZiYWQ2OSJ9fX0="
												}
											]
										},
										"minecraft:item_name": "\"Zombie Butcher Head\""
									}
								}
							],
							"conditions": [
								{
									"condition": "entity_properties",
									"predicate": {
										"nbt": "{VillagerData:{profession:\"minecraft:butcher\"}}"
									},
									"entity": "this"
								}
							]
						},
						{
							"type": "item",
							"name": "minecraft:player_head",
							"functions": [
								{
									"function": "set_components",
									"components": {
										"minecraft:note_block_sound": "minecraft:entity.zombie_villager.ambient",
										"minecraft:profile": {
											"properties": [
												{
													"name": "textures",
													"value": "eyJ0ZXh0dXJlcyI6eyJTS0lOIjp7InVybCI6Imh0dHA6Ly90ZXh0dXJlcy5taW5lY3JhZnQubmV0L3RleHR1cmUvZTYwODAwYjAxMDEyZTk2M2U3YzIwYzhiYTE0YjcwYTAyNjRkMTQ2YTg1MGRlZmZiY2E3YmZlNTEyZjRjYjIzZCJ9fX0="
												}
											]
										},
										"minecraft:item_name": "\"Zombie Cartographer Head\""
									}
								}
							],
							"conditions": [
								{
									"condition": "entity_properties",
									"predicate": {
										"nbt": "{VillagerData:{profession:\"minecraft:cartographer\"}}"
									},
									"entity": "this"
								}
							]
						},
						{
							"type": "item",
							"name": "minecraft:player_head",
							"functions": [
								{
									"function": "set_components",
									"components": {
										"minecraft:note_block_sound": "minecraft:entity.zombie_villager.ambient",
										"minecraft:profile": {
											"properties": [
												{
													"name": "textures",
													"value": "eyJ0ZXh0dXJlcyI6eyJTS0lOIjp7InVybCI6Imh0dHA6Ly90ZXh0dXJlcy5taW5lY3JhZnQubmV0L3RleHR1cmUvMjk1ODU3OGJlMGUxMjE3MjczNGE3ODI0MmRhYjE0OTY0YWJjODVhYjliNTk2MzYxZjdjNWRhZjhmMTRhMGZlYiJ9fX0="
												}
											]
										},
										"minecraft:item_name": "\"Zombie Cleric Head\""
									}
								}
							],
							"conditions": [
								{
									"condition": "entity_properties",
									"predicate": {
										"nbt": "{VillagerData:{profession:\"minecraft:cleric\"}}"
									},
									"entity": "this"
								}
							]
						},
						{
							"type": "item",
							"name": "minecraft:player_head",
							"functions": [
								{
									"function": "set_components",
									"components": {
										"minecraft:note_block_sound": "minecraft:entity.zombie_villager.ambient",
										"minecraft:profile": {
											"properties": [
												{
													"name": "textures",
													"value": "eyJ0ZXh0dXJlcyI6eyJTS0lOIjp7InVybCI6Imh0dHA6Ly90ZXh0dXJlcy5taW5lY3JhZnQubmV0L3RleHR1cmUvZjc3ZDQxNWY5YmFhNGZhNGI1ZTA1OGY1YjgxYmY3ZjAwM2IwYTJjOTBhNDgzMWU1M2E3ZGJjMDk4NDFjNTUxMSJ9fX0="
												}
											]
										},
										"minecraft:item_name": "\"Zombie Farmer Head\""
									}
								}
							],
							"conditions": [
								{
									"condition": "entity_properties",
									"predicate": {
										"nbt": "{VillagerData:{profession:\"minecraft:farmer\"}}"
									},
									"entity": "this"
								}
							]
						},
						{
							"type": "item",
							"name": "minecraft:player_head",
							"functions": [
								{
									"function": "set_components",
									"components": {
										"minecraft:note_block_sound": "minecraft:entity.zombie_villager.ambient",
										"minecraft:profile": {
											"properties": [
												{
													"name": "textures",
													"value": "eyJ0ZXh0dXJlcyI6eyJTS0lOIjp7InVybCI6Imh0dHA6Ly90ZXh0dXJlcy5taW5lY3JhZnQubmV0L3RleHR1cmUvNjkwNWQ1M2ZlNGZhZWIwYjMxNWE2ODc4YzlhYjgxYjRiZTUyYzMxY2Q0NzhjMDI3ZjBkN2VjZTlmNmRhODkxNCJ9fX0="
												}
											]
										},
										"minecraft:item_name": "\"Zombie Fisherman Head\""
									}
								}
							],
							"conditions": [
								{
									"condition": "entity_properties",
									"predicate": {
										"nbt": "{VillagerData:{profession:\"minecraft:fisherman\"}}"
									},
									"entity": "this"
								}
							]
						},
						{
							"type": "item",
							"name": "minecraft:player_head",
							"functions": [
								{
									"function": "set_components",
									"components": {
										"minecraft:note_block_sound": "minecraft:entity.zombie_villager.ambient",
										"minecraft:profile": {
											"properties": [
												{
													"name": "textures",
													"value": "eyJ0ZXh0dXJlcyI6eyJTS0lOIjp7InVybCI6Imh0dHA6Ly90ZXh0dXJlcy5taW5lY3JhZnQubmV0L3RleHR1cmUvMmVhMjZhYzBlMjU0OThhZGFkYTRlY2VhNThiYjRlNzZkYTMyZDVjYTJkZTMwN2VmZTVlNDIxOGZiN2M1ZWY4OSJ9fX0="
												}
											]
										},
										"minecraft:item_name": "\"Zombie Fletcher Head\""
									}
								}
							],
							"conditions": [
								{
									"condition": "entity_properties",
									"predicate": {
										"nbt": "{VillagerData:{profession:\"minecraft:fletcher\"}}"
									},
									"entity": "this"
								}
							]
						},
						{
							"type": "item",
							"name": "minecraft:player_head",
							"functions": [
								{
									"function": "set_components",
									"components": {
										"minecraft:note_block_sound": "minecraft:entity.zombie_villager.ambient",
										"minecraft:profile": {
											"properties": [
												{
													"name": "textures",
													"value": "eyJ0ZXh0dXJlcyI6eyJTS0lOIjp7InVybCI6Imh0dHA6Ly90ZXh0dXJlcy5taW5lY3JhZnQubmV0L3RleHR1cmUvZmI1NTJjOTBmMjEyZTg1NWQxMjI1NWQ1Y2Q2MmVkMzhiOWNkN2UzMGU3M2YwZWE3NzlkMTc2NDMzMGU2OTI2NCJ9fX0="
												}
											]
										},
										"minecraft:item_name": "\"Zombie Leatherworker Head\""
									}
								}
							],
							"conditions": [
								{
									"condition": "entity_properties",
									"predicate": {
										"nbt": "{VillagerData:{profession:\"minecraft:leatherworker\"}}"
									},
									"entity": "this"
								}
							]
						},
						{
							"type": "item",
							"name": "minecraft:player_head",
							"functions": [
								{
									"function": "set_components",
									"components": {
										"minecraft:note_block_sound": "minecraft:entity.zombie_villager.ambient",
										"minecraft:profile": {
											"properties": [
												{
													"name": "textures",
													"value": "eyJ0ZXh0dXJlcyI6eyJTS0lOIjp7InVybCI6Imh0dHA6Ly90ZXh0dXJlcy5taW5lY3JhZnQubmV0L3RleHR1cmUvNjIyMTFhMWY0MDljY2E0MjQ5YzcwZDIwY2E4MDM5OWZhNDg0NGVhNDE3NDU4YmU5ODhjYzIxZWI0Nzk3Mzc1ZSJ9fX0="
												}
											]
										},
										"minecraft:item_name": "\"Zombie Librarian Head\""
									}
								}
							],
							"conditions": [
								{
									"condition": "entity_properties",
									"predicate": {
										"nbt": "{VillagerData:{profession:\"minecraft:librarian\"}}"
									},
									"entity": "this"
								}
							]
						},
						{
							"type": "item",
							"name": "minecraft:player_head",
							"functions": [
								{
									"function": "set_components",
									"components": {
										"minecraft:note_block_sound": "minecraft:entity.zombie_villager.ambient",
										"minecraft:profile": {
											"properties": [
												{
													"name": "textures",
													"value": "eyJ0ZXh0dXJlcyI6eyJTS0lOIjp7InVybCI6Imh0dHA6Ly90ZXh0dXJlcy5taW5lY3JhZnQubmV0L3RleHR1cmUvZmI1NTJjOTBmMjEyZTg1NWQxMjI1NWQ1Y2Q2MmVkMzhiOWNkN2UzMGU3M2YwZWE3NzlkMTc2NDMzMGU2OTI2NCJ9fX0="
												}
											]
										},
										"minecraft:item_name": "\"Zombie Mason Head\""
									}
								}
							],
							"conditions": [
								{
									"condition": "entity_properties",
									"predicate": {
										"nbt": "{VillagerData:{profession:\"minecraft:mason\"}}"
									},
									"entity": "this"
								}
							]
						},
						{
							"type": "item",
							"name": "minecraft:player_head",
							"functions": [
								{
									"function": "set_components",
									"components": {
										"minecraft:note_block_sound": "minecraft:entity.zombie_villager.ambient",
										"minecraft:profile": {
											"properties": [
												{
													"name": "textures",
													"value": "eyJ0ZXh0dXJlcyI6eyJTS0lOIjp7InVybCI6Imh0dHA6Ly90ZXh0dXJlcy5taW5lY3JhZnQubmV0L3RleHR1cmUvZmI1NTJjOTBmMjEyZTg1NWQxMjI1NWQ1Y2Q2MmVkMzhiOWNkN2UzMGU3M2YwZWE3NzlkMTc2NDMzMGU2OTI2NCJ9fX0="
												}
											]
										},
										"minecraft:item_name": "\"Zombie Nitwit Head\""
									}
								}
							],
							"conditions": [
								{
									"condition": "entity_properties",
									"predicate": {
										"nbt": "{VillagerData:{profession:\"minecraft:nitwit\"}}"
									},
									"entity": "this"
								}
							]
						},
						{
							"type": "item",
							"name": "minecraft:player_head",
							"functions": [
								{
									"function": "set_components",
									"components": {
										"minecraft:note_block_sound": "minecraft:entity.zombie_villager.ambient",
										"minecraft:profile": {
											"properties": [
												{
													"name": "textures",
													"value": "eyJ0ZXh0dXJlcyI6eyJTS0lOIjp7InVybCI6Imh0dHA6Ly90ZXh0dXJlcy5taW5lY3JhZnQubmV0L3RleHR1cmUvZmI1NTJjOTBmMjEyZTg1NWQxMjI1NWQ1Y2Q2MmVkMzhiOWNkN2UzMGU3M2YwZWE3NzlkMTc2NDMzMGU2OTI2NCJ9fX0="
												}
											]
										},
										"minecraft:item_name": "\"Zombie Villager Head\""
									}
								}
							],
							"conditions": [
								{
									"condition": "entity_properties",
									"predicate": {
										"nbt": "{VillagerData:{profession:\"minecraft:none\"}}"
									},
									"entity": "this"
								}
							]
						},
						{
							"type": "item",
							"name": "minecraft:player_head",
							"functions": [
								{
									"function": "set_components",
									"components": {
										"minecraft:note_block_sound": "minecraft:entity.zombie_villager.ambient",
										"minecraft:profile": {
											"properties": [
												{
													"name": "textures",
													"value": "eyJ0ZXh0dXJlcyI6eyJTS0lOIjp7InVybCI6Imh0dHA6Ly90ZXh0dXJlcy5taW5lY3JhZnQubmV0L3RleHR1cmUvNjkxMzkxYmVmM2E0NmVmMjY3ZDNiNzE3MTA4NmJhNGM4ZDE3ZjJhNmIwZjgzZmEyYWMzMGVmZTkxNGI3YzI0OSJ9fX0="
												}
											]
										},
										"minecraft:item_name": "\"Zombie Shepherd Head\""
									}
								}
							],
							"conditions": [
								{
									"condition": "entity_properties",
									"predicate": {
										"nbt": "{VillagerData:{profession:\"minecraft:shepherd\"}}"
									},
									"entity": "this"
								}
							]
						},
						{
							"type": "item",
							"name": "minecraft:player_head",
							"functions": [
								{
									"function": "set_components",
									"components": {
										"minecraft:note_block_sound": "minecraft:entity.zombie_villager.ambient",
										"minecraft:profile": {
											"properties": [
												{
													"name": "textures",
													"value": "eyJ0ZXh0dXJlcyI6eyJTS0lOIjp7InVybCI6Imh0dHA6Ly90ZXh0dXJlcy5taW5lY3JhZnQubmV0L3RleHR1cmUvZmI1NTJjOTBmMjEyZTg1NWQxMjI1NWQ1Y2Q2MmVkMzhiOWNkN2UzMGU3M2YwZWE3NzlkMTc2NDMzMGU2OTI2NCJ9fX0="
												}
											]
										},
										"minecraft:item_name": "\"Zombie Toolsmith Head\""
									}
								}
							],
							"conditions": [
								{
									"condition": "entity_properties",
									"predicate": {
										"nbt": "{VillagerData:{profession:\"minecraft:toolsmith\"}}"
									},
									"entity": "this"
								}
							]
						},
						{
							"type": "item",
							"name": "minecraft:player_head",
							"functions": [
								{
									"function": "set_components",
									"components": {
										"minecraft:note_block_sound": "minecraft:entity.zombie_villager.ambient",
										"minecraft:profile": {
											"properties": [
												{
													"name": "textures",
													"value": "eyJ0ZXh0dXJlcyI6eyJTS0lOIjp7InVybCI6Imh0dHA6Ly90ZXh0dXJlcy5taW5lY3JhZnQubmV0L3RleHR1cmUvNDM3MDg5NGI1Y2MzMDVkODdhYTA4YzNiNGIwODU4N2RiNjhmZjI5ZTdhM2VmMzU0Y2FkNmFiY2E1MGU1NTI4YiJ9fX0="
												}
											]
										},
										"minecraft:item_name": "\"Zombie Weaponsmith Head\""
									}
								}
							],
							"conditions": [
								{
									"condition": "entity_properties",
									"predicate": {
										"nbt": "{VillagerData:{profession:\"minecraft:weaponsmith\"}}"
									},
									"entity": "this"
								}
							]
						}
					]
				}
			]
		}
	]
}
