{
	"type": "minecraft:block",
	"pools": [
		{
			"rolls": 1,
			"entries": [
				{
					"type": "minecraft:item",
					"name": "minecraft:spawner"
				}
			],
			"conditions": [
				{
					"condition": "minecraft:match_tool",
					"predicate": {
						"predicates": {
							"minecraft:enchantments": [
								{
									"enchantments": "minecraft:silk_touch",
									"levels": {
										"min": 1
									}
								}
							]
						}
					}
				}
			]
		}
	],
	"random_sequence": "minecraft:blocks/spawner"
}
