{
	"display": {
		"icon": {
			"id": "minecraft:fire_charge"
		},
		"title": "Danger",
		"description": "Loot a Dispenser in a Jungle Temple",
		"frame": "goal",
		"show_toast": true,
		"announce_to_chat": true,
		"hidden": false
	},
	"parent": "timo:tab_timo/loot/jungle_temple",
	"criteria": {
		"requirement": {
			"trigger": "minecraft:player_generates_container_loot",
			"conditions": {
				"loot_table": "minecraft:chests/jungle_temple_dispenser"
			}
		}
	},
	"sends_telemetry_event": true
}
