{
	"display": {
		"icon": {
			"id": "minecraft:diamond"
		},
		"title": "Where is the real secret?",
		"description": "Loot a chest in the hidden room",
		"frame": "challenge",
		"show_toast": true,
		"announce_to_chat": true,
		"hidden": false
	},
	"parent": "timo:tab_timo/loot/redstone_chamber",
	"criteria": {
		"requirement": {
			"trigger": "minecraft:player_generates_container_loot",
			"conditions": {
				"loot_table": "patrick:chests/redstone_chamber_secret"
			}
		}
	},
	"sends_telemetry_event": true
}
