{
	"type": "minecraft:entity",
	"pools": [
		{
			"rolls": 1,
			"entries": [
				{
					"type": "minecraft:item",
					"name": "minecraft:elyta",
					"conditions": [
						{
							"condition": "minecraft:random_chance_with_enchanted_bonus",
							"enchantment": "minecraft:looting",
							"unenchanted_chance": 0.5,
							"enchanted_chance": {
								"type": "minecraft:linear",
								"base": 0.6,
								"per_level_above_first": 0.05
							}
						}
					]
				}
			]
		},
		{
			"rolls": 1,
			"entries": [
				{
					"type": "minecraft:item",
					"name": "minecraft:dragon_breath",
					"functions": [
						{
							"function": "minecraft:set_count",
							"count": {
								"min": 1,
								"max": {
									"min": 8,
									"max": 12
								}
							}
						},
						{
							"function": "minecraft:enchanted_count_increase",
							"enchantment": "minecraft:looting",
							"count": {
								"min": 0,
								"max": 1
							}
						}
					]
				}
			]
		},
		{
			"rolls": 1,
			"entries": [
				{
					"type": "minecraft:item",
					"name": "minecraft:dragon_head",
					"conditions": [
						{
							"condition": "minecraft:random_chance_with_enchanted_bonus",
							"enchantment": "minecraft:looting",
							"unenchanted_chance": 0.5,
							"enchanted_chance": {
								"type": "minecraft:linear",
								"base": 0.6,
								"per_level_above_first": 0.05
							}
						}
					]
				}
			]
		}
	],
	"random_sequence": "minecraft:entities/ender_dragon"
}
