{
	"type": "minecraft:entity",
	"pools": [
	  {
		"rolls": 1,
		"entries": [
		  {
			"type": "minecraft:item",
			"name": "minecraft:shulker_shell",
			"functions": [
			  {
				"function": "minecraft:set_count",
				"count": 2
						}	
					]
				}
			]
		},
		{
			"rolls": 1,
			"entries": [
				{
					"type": "minecraft:loot_table",
					"value": "more_mob_heads:entities/shulker"
				}
			]
		},
		{
			"rolls": 1,
			"entries": [
				{
					"type": "minecraft:loot_table",
					"value": "double_shulker_shells:entities/shulker"
				}
			]
		}
	]
}