{
	"display": {
		"icon": {
			"id": "minecraft:filled_map"
		},
		"title": "I need the buried treasure map",
		"description": "Loot the chest of a shpwreck that includes the buried treasure map",
		"frame": "goal",
		"show_toast": true,
		"announce_to_chat": true,
		"hidden": false
	},
	"parent": "timo:tab_timo/loot/shipwreck/treasure",
	"criteria": {
		"requirement": {
			"trigger": "minecraft:player_generates_container_loot",
			"conditions": {
				"loot_table": "minecraft:chests/shipwreck_map"
			}
		}
	},
	"sends_telemetry_event": true
}
