{
	"display": {
		"icon": {
			"id": "minecraft:carrot"
		},
		"title": "Hopefully good supply",
		"description": "Loot the supply chest of a shpwreck",
		"frame": "goal",
		"show_toast": true,
		"announce_to_chat": true,
		"hidden": false
	},
	"parent": "timo:tab_timo/loot/shipwreck/map",
	"criteria": {
		"requirement": {
			"trigger": "minecraft:player_generates_container_loot",
			"conditions": {
				"loot_table": "minecraft:chests/shipwreck_supply"
			}
		}
	},
	"sends_telemetry_event": true
}
