{
	"display": {
		"icon": {
			"id": "minecraft:coast_armor_trim_smithing_template"
		},
		"title": "I need iron",
		"description": "Loot the treasure chest of a shpwreck",
		"frame": "goal",
		"show_toast": true,
		"announce_to_chat": true,
		"hidden": false
	},
	"parent": "timo:tab_timo/loot",
	"criteria": {
		"requirement": {
			"trigger": "minecraft:player_generates_container_loot",
			"conditions": {
				"loot_table": "minecraft:chests/shipwreck_treasure"
			}
		}
	},
	"sends_telemetry_event": true
}
