{
	"display": {
		"icon": {
			"id": "minecraft:gilded_blackstone"
		},
		"title": "Why zero netherite scrabs?",
		"description": "Loot Other Bastion Chests",
		"frame": "challenge",
		"show_toast": true,
		"announce_to_chat": true,
		"hidden": false
	},
	"parent": "timo:tab_timo/loot/bastion",
	"criteria": {
		"requirement": {
			"trigger": "minecraft:player_generates_container_loot",
			"conditions": {
				"loot_table": "minecraft:chests/bastion_other"
			}
		}
	},
	"sends_telemetry_event": true
}
